SampleID,Project,Sample_Well,Sentrix_ID,Sentrix_Position,AO,sex1,sex,AOA,interval,DNAmAge,CD8T,CD4T,NK,Bcell,Mono,Gran,AA1,AA,status
4381,ZHA13001,A01,2.04074E+11,R01C01,34,F,2,39.3,5.3,52.06135411,0.244687872,0.272252836,0.094293039,0.147260625,0.268460961,0.066456183,12.76135411,2,1
4642,ZHA13001,B01,2.04074E+11,R02C01,38,F,2,48.6,10.6,51.74433224,0.199762053,0.306971845,0.263962231,0.159212254,0.127903904,0.033136505,3.14433224,2,1
4744,ZHA13001,C01,2.04074E+11,R03C01,33,M,1,36.3,3.3,49.80279145,0.159057492,0.14239715,0.098339458,0.260859838,0.297320242,0.150266522,13.50279145,2,1
4860,ZHA13001,D01,2.04074E+11,R04C01,30,F,2,39.4,9.4,53.96373906,0.06866456,0.042077361,0.106245545,0.106011231,0.504858066,0.237613929,14.56373906,2,1
4936,ZHA13001,E01,2.04074E+11,R05C01,38,M,1,40.4,2.4,51.37421087,0.219184558,0.213279467,0.025400711,0.251882813,0.32358882,0.046651676,10.97421087,2,1
5026,ZHA13001,F01,2.04074E+11,R06C01,46,F,2,48.2,2.2,55.79122961,0.213837377,0.279555919,0.027907834,0.254400759,0.24863875,0.049001794,7.59122961,2,1
5028,ZHA13001,G01,2.04074E+11,R07C01,47,M,1,49.8,2.8,54.38834497,0.136044978,0.257336202,0.124449686,0.193352454,0.32794471,0.036699385,4.58834497,2,1
5670,ZHA13001,H01,2.04074E+11,R08C01,44,M,1,45.9,1.9,57.53279576,0.216682602,0.266763467,0.028025309,0.268412977,0.242925671,0.041810205,11.63279576,2,1
5908,ZHA13001,A02,2.04074E+11,R01C01,46,F,2,57.4,11.4,56.60736575,0.292823323,0.268316308,0.020667787,0.223560954,0.154368293,0.131265189,-0.79263425,1,1
5995,ZHA13001,B02,2.04074E+11,R02C01,43,F,2,48.4,5.4,60.32819829,0.17392722,0.153599512,0.124502781,0.171881519,0.210113069,0.258229002,11.92819829,2,1
6079,ZHA13001,C02,2.04074E+11,R03C01,72,F,2,76.3,4.3,65.89328251,0.128470914,0.316502625,0.034076702,0.223588403,0.320249101,0.042400949,-10.40671749,0,1
6142,ZHA13001,D02,2.04074E+11,R04C01,45,M,1,49.5,4.5,54.04982334,0.1478223,0.082173916,0.026556602,0.145188601,0.246943221,0.424299543,4.54982334,2,1
6335,ZHA13001,E02,2.04074E+11,R05C01,37,M,1,38.8,1.8,50.2684569,0.103787124,0.031276724,0,0.081269402,0.110851197,0.755950624,11.4684569,2,1
6429,ZHA13001,F02,2.04074E+11,R06C01,39,M,1,49.2,10.2,59.4476596,0.053378441,0.21146664,0.043842573,0.118541345,0.167209799,0.462710646,10.2476596,2,1
6631,ZHA13001,G02,2.04074E+11,R07C01,53,M,1,61.8,8.8,62.24846865,0.240200079,0.293386976,0.111312581,0.173093188,0.173634129,0.105660272,0.44846865,1,1
6990,ZHA13001,H02,2.04074E+11,R08C01,63,M,1,64.6,1.6,70.39251496,0.262454971,0.313286559,0.198614063,0.173292894,0.070426073,0.088632161,5.79251496,2,1
7493,ZHA13001,A03,2.04074E+11,R01C01,37,M,1,41.2,4.2,47.71641042,0.137177395,0.090428119,0.082281052,0.117219802,0.067540696,0.611114538,6.51641042,2,1
7940,ZHA13001,B03,2.04074E+11,R02C01,47,M,1,50.1,3.1,60.88430271,0.29725618,0.237008585,0.160492428,0.140105126,0.173001091,0.081147295,10.78430271,2,1
7954,ZHA13001,C03,2.04074E+11,R03C01,42,F,2,48,6,50.32526711,0.200644797,0.22235423,0.139568606,0.182106209,0.072514554,0.278924409,2.32526711,1,1
7970,ZHA13001,D03,2.04074E+11,R04C01,40,M,1,47.6,7.6,51.40172295,0.047496656,0.232233548,0.196357515,0.126100144,0.440097089,0.035760812,3.80172295,2,1
7992,ZHA13001,E03,2.04074E+11,R05C01,58,M,1,58.5,0.5,65.60249527,0.116514436,0.398205084,0.080653627,0.148802416,0.323686121,0.00977541,7.10249527,2,1
8014,ZHA13001,F03,2.04074E+11,R06C01,65,M,1,66.5,1.5,67.52923396,0.072319959,0.411475245,0.213321422,0.123796251,0.207366688,0.040217411,1.02923396,1,1
8024,ZHA13001,G03,2.04074E+11,R07C01,57,M,1,67.3,10.3,65.77901008,0.190709887,0.35587344,0.000514044,0.122402065,0.393461399,0.00528155,-1.52098992,1,1
8025,ZHA13001,H03,2.04074E+11,R08C01,64,M,1,72.1,8.1,71.61242165,0.144871852,0.225957764,0.179088115,0.193927079,0.286235546,0.062245889,-0.48757835,1,1
8027,ZHA13001,A04,2.04074E+11,R01C01,57,F,2,61.1,4.1,66.39485806,0.193904273,0.454706071,0.028019842,0.127106592,0.210337159,0.053533707,5.29485806,2,1
8032,ZHA13001,B04,2.04074E+11,R02C01,51,F,2,60.1,9.1,71.10871032,0.293620281,0.317065656,0.188955074,0.100831379,0.157994236,0.035408487,11.00871032,2,1
8033,ZHA13001,C04,2.04074E+11,R03C01,70,F,2,79.3,9.3,82.48921747,0.052981517,0.279527686,0.094943437,0.442048129,0.169571556,0.056285615,3.18921747,2,1
8038,ZHA13001,D04,2.04074E+11,R04C01,57,M,1,58.9,1.9,62.05690352,0.134044144,0.443035959,0.11859182,0.144402863,0.209365548,0,3.15690352,2,1
8048,ZHA13001,E04,2.04074E+11,R05C01,51,M,1,60,9,56.85829794,0.202775725,0.300176619,0.252315756,0.174108375,0.140084546,0.021208358,-3.14170206,0,1
8049,ZHA13001,F04,2.04074E+11,R06C01,60,F,2,66,6,70.55793623,0.199694818,0.353336385,0.20899348,0.178694698,0.129397903,0.028920764,4.55793623,2,1
8050,ZHA13001,G04,2.04074E+11,R07C01,65,M,1,75.3,10.3,73.72710603,0.133767232,0.336830336,0.147356649,0.126344596,0.294212866,0.05758406,-1.57289397,1,1
8126,ZHA13001,H04,2.04074E+11,R08C01,75,F,2,81.3,6.3,82.7740467,0.19633259,0.27369165,0.271069102,0.14484458,0.136636844,0.086867127,1.4740467,1,1
8127,ZHA13001,A05,2.04074E+11,R01C01,57,F,2,68.3,11.3,72.34645445,0.170887429,0.238705046,0.049596691,0.161857542,0.402070158,0.068840048,4.04645445,2,1
8128,ZHA13001,B05,2.04074E+11,R02C01,62,M,1,68.3,6.3,71.54772852,0.169920638,0.285979474,0.179074239,0.121532082,0.191704442,0.149011519,3.24772852,2,1
8130,ZHA13001,C05,2.04074E+11,R03C01,57,M,1,64.5,7.5,68.70759083,0.123240616,0.423375873,0.132748859,0.114129977,0.224211465,0.042903227,4.20759083,2,1
8157,ZHA13001,D05,2.04074E+11,R04C01,54,F,2,62,8,65.15495993,0.189590188,0.331970039,0.079179182,0.171286123,0.249452668,0.045080225,3.15495993,2,1
8158,ZHA13001,E05,2.04074E+11,R05C01,55,M,1,61,6,58.06652097,0.090278079,0.383671274,0.258515058,0.081757732,0.149469698,0.114515115,-2.93347903,1,1
8159,ZHA13001,F05,2.04074E+11,R06C01,62,F,2,69.9,7.9,63.72615917,0.134880038,0.320531472,0.046677178,0.106067825,0.119426272,0.350000764,-6.17384083,0,1
8487,ZHA13001,G05,2.04074E+11,R07C01,66,M,1,71.3,5.3,66.24190749,0.066486009,0.32782851,0.259750889,0.113347046,0.268688804,0.031433889,-5.05809251,0,1
8502,ZHA13001,H05,2.04074E+11,R08C01,75,M,1,85.3,10.3,81.64390881,0.074194307,0.238891767,0.159098646,0.15033933,0.163055542,0.303203308,-3.65609119,0,1
8503,ZHA13001,A06,2.04074E+11,R01C01,70,M,1,75.2,5.2,84.21820385,0.044879849,0.210621384,0.149091781,0.076007121,0.574717864,0.026191417,9.01820385,2,1
8505,ZHA13001,B06,2.04074E+11,R02C01,65,M,1,75.9,10.9,77.87536577,0.130641697,0.223073924,0.121253368,0.112327506,0.360146398,0.12940768,1.97536577,1,1
8507,ZHA13001,C06,2.04074E+11,R03C01,68,F,2,73.3,5.3,70.15323965,0.194817835,0.343398463,0.071457628,0.136120259,0.317340881,0.03700291,-3.14676035,0,1
8510,ZHA13001,D06,2.04074E+11,R04C01,60,M,1,60.4,0.4,64.77222379,0.210961025,0.330616021,0.09325091,0.17403539,0.239392409,0.046708325,4.37222379,2,1
8512,ZHA13001,E06,2.04074E+11,R05C01,60,M,1,71.4,11.4,76.08565892,0.090545166,0.244494474,0.2083451,0.197391708,0.298162032,0.035497582,4.68565892,2,1
8518,ZHA13001,F06,2.04074E+11,R06C01,66,M,1,68.1,2.1,66.70523604,0.10191164,0.26756281,0.115094538,0.183723725,0.391913087,0.015442003,-1.39476396,1,1
8522,ZHA13001,G06,2.04074E+11,R07C01,65,M,1,71.8,6.8,77.35226259,0.188088653,0.206508347,0.278628478,0.119052074,0.287802532,0.014615308,5.55226259,2,1
8523,ZHA13001,H06,2.04074E+11,R08C01,58,M,1,60.5,2.5,66.59904189,0.147265904,0.395240799,0.113558397,0.098773371,0.286666675,0.026698292,6.09904189,2,1
8526,ZHA13001,A07,2.04074E+11,R01C01,51,M,1,55.8,4.8,66.19933825,0.238284353,0.349592252,0.081031528,0.102270548,0.270782404,0.030358476,10.39933825,2,1
8537,ZHA13001,B07,2.04074E+11,R02C01,52,M,1,58.8,6.8,63.47654961,0.159609803,0.437024345,0.065625372,0.158134892,0.228961786,0.024818943,4.67654961,2,1
8551,ZHA13001,C07,2.04074E+11,R03C01,64,M,1,69.5,5.5,69.88574682,0.154034494,0.425657066,0.123216873,0.147149632,0.207826731,0.025423281,0.38574682,1,1
8557,ZHA13001,D07,2.04074E+11,R04C01,72,F,2,82.7,10.7,72.23038499,0.099403699,0.338200627,0.171701106,0.104480056,0.30627514,0.050902319,-10.46961501,0,1
8558,ZHA13001,E07,2.04074E+11,R05C01,72,M,1,80.1,8.1,77.38142446,0.091319082,0.249387467,0.2092869,0.097046083,0.41295445,0.020998916,-2.71857554,1,1
8562,ZHA13001,F07,2.04074E+11,R06C01,71,F,2,75,4,72.29091008,0.082833831,0.242128858,0.215932643,0.14962558,0.368079454,0.011332423,-2.70908992,1,1
8563,ZHA13001,G07,2.04074E+11,R07C01,39,M,1,45.3,6.3,60.10642076,0.2252407,0.195784235,0.148881152,0.169538163,0.305801571,0.033136942,14.80642076,2,1
8570,ZHA13001,H07,2.04074E+11,R08C01,73,M,1,81.3,8.3,85.50730886,0.097718262,0.212313403,0.33531577,0.124788566,0.291303312,0.028422186,4.20730886,2,1
8578,ZHA13001,A08,2.04074E+11,R01C01,39,M,1,44.2,5.2,62.67786662,0.155738731,0.064130279,0.275030984,0.137173463,0.423038462,0.051272843,18.47786662,2,1
8585,ZHA13001,B08,2.04074E+11,R02C01,70,F,2,77.7,7.7,76.37144226,0.148959973,0.432671305,0.155905225,0.134657572,0.184251804,0.029374434,-1.32855774,1,1
8618,ZHA13001,C08,2.04074E+11,R03C01,65,M,1,69.8,4.8,72.82089429,0.218880834,0.158045762,0.123123475,0.173245653,0.308101502,0.117931778,3.02089429,2,1
8619,ZHA13001,D08,2.04074E+11,R04C01,47,M,1,51,4,55.79008981,0.268042821,0.24333658,0.064301964,0.115498744,0.3102161,0.080660338,4.79008981,2,1
8622,ZHA13001,E08,2.04074E+11,R05C01,57,F,2,61.2,4.2,60.62103135,0.183949583,0.377863612,0.010303279,0.175917696,0.276301124,0.055946299,-0.57896865,1,1
8627,ZHA13001,F08,2.04074E+11,R06C01,65,M,1,70,5,74.33695003,0.067288462,0.424814367,0.250147396,0.158422651,0.107866837,0.059004238,4.33695003,2,1
8628,ZHA13001,G08,2.04074E+11,R07C01,58,M,1,67.9,9.9,75.32006207,0.08987189,0.275042759,0.168596946,0.098632103,0.416742413,0.032294382,7.42006207,2,1
8634,ZHA13001,H08,2.04074E+11,R08C01,49,M,1,57.5,8.5,66.91253558,0.142667034,0.108568271,0.045522625,0.18522642,0.068398129,0.527827706,9.41253558,2,1
8640,ZHA13001,A09,2.04074E+11,R01C01,52,M,1,59.3,7.3,71.76356631,0.132122008,0.20355695,0.065471083,0.116754182,0.321827485,0.240812662,12.46356631,2,1
8644,ZHA13001,B09,2.04074E+11,R02C01,59,M,1,69.6,10.6,63.08235425,0.098042972,0.491058548,0.064747031,0.108936809,0.288219345,0.03086062,-6.51764575,0,1
8645,ZHA13001,C09,2.04074E+11,R03C01,53,M,1,63.2,10.2,58.85406621,0.195182043,0.459338435,0.073307481,0.16472879,0.136562617,0.044723715,-4.34593379,0,1
8651,ZHA13001,D09,2.04074E+11,R04C01,55,F,2,58.5,3.5,71.64253624,0.213251573,0.222314196,0.256957489,0.142624874,0.212248188,0.03468651,13.14253624,2,1
8652,ZHA13001,E09,2.04074E+11,R05C01,61,M,1,67.3,6.3,67.4837019,0.16192845,0.335444137,0.160642967,0.124108281,0.286816803,0.018039425,0.1837019,1,1
8656,ZHA13001,F09,2.04074E+11,R06C01,52,M,1,61.3,9.3,61.19353533,0.179246668,0.186360643,0.19472286,0.163819347,0.093700902,0.278433269,-0.10646467,1,1
8660,ZHA13001,G09,2.04074E+11,R07C01,66,M,1,76.3,10.3,78.30922191,0.018195603,0.068802186,0.202062683,0.099130224,0.256970598,0.427950259,2.00922191,1,1
8662,ZHA13001,H09,2.04074E+11,R08C01,77,M,1,86.9,9.9,91.02179948,0.023667382,0.115229879,0.077018078,0.131016792,0.235568358,0.496261707,4.12179948,2,1
8670,ZHA13001,A10,2.04074E+11,R01C01,58,F,2,64.2,6.2,69.42955409,0.144846036,0.369089424,0.019713241,0.20039943,0.28087112,0.047427581,5.22955409,2,1
8678,ZHA13001,B10,2.04074E+11,R02C01,64,M,1,68,4,75.40773524,0.164172809,0.246119993,0.081137315,0.129206902,0.210188139,0.262363115,7.40773524,2,1
8713,ZHA13001,C10,2.04074E+11,R03C01,50,M,1,57.5,7.5,63.26499577,0.157210595,0.364907965,0.117940474,0.090798552,0.28447349,0.063556641,5.76499577,2,1
8723,ZHA13001,D10,2.04074E+11,R04C01,75,F,2,79.8,4.8,81.60540881,0.133038032,0.140012005,0.033834527,0.123545642,0.290827743,0.366166238,1.80540881,1,1
8724,ZHA13001,E10,2.04074E+11,R05C01,50,M,1,59,9,68.48439276,0.145092431,0.306584468,0.249113103,0.094793069,0.21675054,0.052343068,9.48439276,2,1
8730,ZHA13001,F10,2.04074E+11,R06C01,61,F,2,68.4,7.4,69.55005651,0.150120862,0.230431056,0.036107315,0.120945637,0.227650978,0.316588963,1.15005651,1,1
8735,ZHA13001,G10,2.04074E+11,R07C01,44,F,2,55.6,11.6,52.57480437,0.167982986,0.393607963,0.019739049,0.152717857,0.180792602,0.166878653,-3.02519563,0,1
8736,ZHA13001,H10,2.04074E+11,R08C01,77,F,2,86.3,9.3,79.86178993,0.180234011,0.137769029,0.068502508,0.082706282,0.409375443,0.202131205,-6.43821007,0,1
8743,ZHA13001,A11,2.04074E+11,R01C01,46,F,2,57.2,11.2,63.48929114,0.224943896,0.326010456,0.126742321,0.144747705,0.227175003,0.01318543,6.28929114,2,1
8748,ZHA13001,B11,2.04074E+11,R02C01,72,F,2,82.1,10.1,76.26909958,0.173423506,0.196125878,0.057429621,0.100123625,0.340498059,0.229270718,-5.83090042,0,1
8752,ZHA13001,C11,2.04074E+11,R03C01,46,M,1,54.6,8.6,57.22991898,0.133298676,0.141952719,0.095420947,0.177204466,0.433606394,0.10651925,2.62991898,1,1
8753,ZHA13001,D11,2.04074E+11,R04C01,26,F,2,28.3,2.3,31.92784784,0.247051602,0.237536606,0.007740487,0.27109682,0.266574242,0.056578594,3.62784784,2,1
8765,ZHA13001,E11,2.04074E+11,R05C01,70,M,1,78.4,8.4,75.52149941,0.119318994,0.226784163,0.034147952,0.102007879,0.176328334,0.430991884,-2.87850059,1,1
8768,ZHA13001,F11,2.04074E+11,R06C01,67,M,1,76.5,9.5,76.55600642,0.182095554,0.190838899,0.061835194,0.097078732,0.170214642,0.378007221,0.05600642,1,1
8772,ZHA13001,G11,2.04074E+11,R07C01,62,M,1,69,7,71.71998267,0.094904438,0.360271234,0.120243653,0.119767456,0.203338878,0.181084258,2.71998267,1,1
8773,ZHA13001,H11,2.04074E+11,R08C01,76,M,1,84.2,8.2,91.88065713,0.178524133,0.311966146,0.098416176,0.07928696,0.272484702,0.148288017,7.68065713,2,1
8775,ZHA13001,A12,2.04074E+11,R01C01,60,M,1,69,9,71.48529983,0.145590842,0.144959769,0.287682454,0.171052615,0.289182471,0.060911679,2.48529983,1,1
10529,ZHA13001,B12,2.04074E+11,R02C01,50,M,1,60.4,10.4,67.27612215,0.138424622,0.12917146,0.034206974,0.094540419,0.052037395,0.633876065,6.87612215,2,1
10554,ZHA13001,C12,2.04074E+11,R03C01,58,M,1,66.4,8.4,70.30780587,0.095075601,0.094902393,0.008143506,0.075328187,0.110378946,0.688168026,3.90780587,2,1
10565,ZHA13001,D12,2.04074E+11,R04C01,55,M,1,61.8,6.8,83.37657406,0.175761093,0.042663277,0.059514747,0.091216388,0.063330173,0.648671505,21.57657406,2,1
10595,ZHA13001,E12,2.04074E+11,R05C01,35,M,1,44.7,9.7,53.31293674,0.199359053,0.116269424,0.050461667,0.105579862,0.072333245,0.529536862,8.61293674,2,1
10619,ZHA13001,F12,2.04074E+11,R06C01,37,M,1,46.3,9.3,48.94823981,0.182579163,0.107878771,0.0042142,0.097618278,0.058739574,0.626233226,2.64823981,1,1
10649,ZHA13001,G12,2.04074E+11,R07C01,53,M,1,62.3,9.3,65.3302341,0.179801301,0.111326876,0.070493555,0.105916452,0.084899321,0.537108011,3.0302341,2,1
10747,ZHA13001,H12,2.04074E+11,R08C01,39,M,1,49,10,62.94059656,0.171547575,0.137633897,1.73E-18,0.093826916,0.044006034,0.625856813,13.94059656,2,1