PATID,sex,AOA1,AA1,Status1,CD8T,CD4T,Bcell,Gran,relatedness,num,AA
40360,1,70,6.60735669,0,0.109285297,0.071110473,0.079908,0.547073688,21,158,2
40451,2,55,10.99649819,0,0.025984907,0.106973667,0.077182707,0.522078033,23,203,2
40520,2,56,8.66901513,0,0.137956309,0.140422047,0.036922689,0.472229596,24,183,2
40574,2,47,9.967662201,0,0.132587727,0.150018498,0.010450868,0.423095738,30,197,2
40587,2,64,0.980504545,0,0.111172777,0.071681403,0.026920286,0.525754772,1,64,1
40590,1,52,6.212145694,0,0.136113639,0.198105565,0.049667927,0.356534287,2,152,2
40591,1,63,3.98293508,0,0.054154618,0.137762691,0.038992966,0.51133443,2,118,2
40593,1,55,12.90608183,0,0.08981403,0.209908419,0.047026296,0.414795747,3,213,2
40594,2,70,-9.296528678,0,0.117113869,0.265664548,0.096774113,0.335836414,4,5,0
40596,2,63,-12.5301766,0,0.119540856,0.209198632,0.076332295,0.407757289,4,1,0
40600,2,64,-2.219446002,0,0.070444972,0.027256888,0,0.616386632,5,29,1
40601,1,82,-1.77851435,0,0.033767273,0.147783199,0.016417014,0.46054596,4,34,1
40602,1,77,-2.955751516,0,0.034603797,0.247158507,0.019925742,0.430729588,4,25,1
40604,1,59,2.626214916,0,0.082749899,0.086839838,0.006067061,0.574457673,33,91,1
40606,1,67,2.390217915,0,0.125031478,0.118068367,0,0.516140393,4,88,1
40609,2,68,-1.532787936,0,0.092017475,0.023225696,0.005522827,0.590919333,6,37,1
40610,1,56,6.487983933,0,0.055865731,0.138638755,0.044797233,0.497251278,4,156,2
40611,1,66,1.005433636,0,0.097957016,0.062235962,-2.13E-20,0.58012495,5,65,1
40613,2,51,4.037030732,0,0.102092279,0.095876761,0.082980035,0.47545115,7,119,2
40614,1,69,10.35614288,0,0.042269565,0.206008319,0.019683889,0.495467775,35,201,2
40617,2,65,5.052979797,0,0.134382826,0.092089008,0,0.497035185,36,133,2
40618,1,59,0.377277634,0,0.133766682,0.224739802,0.036914556,0.328246708,4,55,1
40619,1,51,3.810918201,0,0.163827172,0.150632569,0.017615589,0.39864925,37,114,2
40621,2,52,7.40193463,0,0.078353698,0.147004797,0.030866986,0.477944169,6,170,2
41283,2,51,9.809950742,0,0.110091698,0.152503229,0.028647147,0.508354923,48,196,2
41292,2,54,2.83800324,0,0.126158758,0.130455819,0.008707704,0.494825517,52,98,1
41296,2,69,-8.051896502,0,0.085040051,0.111520767,0.05582053,0.496528788,55,7,0
41297,2,72,6.146465019,0,0.053253774,0.060503183,0.042244382,0.581164276,56,150,2
41307,1,52,7.839321378,0,0.128658395,0.096665443,0.01272719,0.539543296,58,177,2
41342,1,68,-3.23566359,0,0.030591943,0.147624286,0.02277558,0.517978022,59,21,0
41343,2,74,-5.0753095,0,0.009187054,0.185651165,0.005979695,0.523195648,60,15,0
41471,2,50,10.27032134,0,0.077425205,0.171727341,0.005130116,0.524749099,67,199,2
41560,2,72,3.700255463,0,0.113922783,0.172225803,0.023444904,0.402615916,8,111,2
41562,1,61,4.114820234,0,0.114176036,0.102533515,0,0.488754778,9,121,2
41984,1,62,3.049901305,0,0.025223411,0.15453038,0.065168488,0.545838326,10,103,2
42001,2,73,2.00551313,0,0.130685909,0.141596979,0.005242589,0.421708063,78,85,1
42006,1,56,4.801391364,0,0.093415322,0.150964573,0.015199045,0.513578566,79,129,2
42024,2,64,0.865998232,0,0.128489818,0.149179567,0.035286254,0.460106278,80,62,1
42126,1,54,-0.612723492,0,0.199231579,0.204573993,0.068756981,0.349541662,81,44,1
42134,2,59,9.480721571,0,0.074993601,0.094549014,0.071175404,0.452081823,82,194,2
42240,2,72,5.032229167,0,0.072286813,0.113672906,0.014220002,0.47676311,84,132,2
42306,2,56,6.122932006,0,0.106190895,0.091376387,0.037740706,0.497674363,85,149,2
42443,2,59,8.542975689,0,0.157565147,0.125506903,0.032488053,0.449167681,89,181,2
42444,1,68,1.536209471,0,0.087779051,0.092331712,0.02452843,0.464111158,90,76,1
42445,2,71,5.020078667,0,0.068525262,0.008559667,0.029436934,0.619471319,91,131,2
50110,2,56,6.811951523,0,0.068187557,0.150488539,0.047520115,0.53668772,97,162,2
50143,1,64,-5.258653167,0,0.091707621,0.24984924,0.009929582,0.447140527,98,14,0
50172,1,65,9.692568179,0,0.106170163,0.129144455,0.031643003,0.546270759,100,195,2
50184,1,57,6.310583403,0,0.028824582,0.15747607,0.039040593,0.58908746,11,153,2
50219,1,61,4.173514427,0,0.091313599,0.121322704,0.007633651,0.538091079,11,122,2
50222,1,51,4.949787919,0,0.132767508,0.164956292,0.028649925,0.464889606,12,130,2
50225,2,53,-1.99687989,0,0.029079954,0.118412312,0.013994371,0.599049955,12,32,1
50275,1,55,-6.987366349,0,0.102946014,0.271345996,0.056855812,0.395443076,103,10,0
50328,2,54,11.43492597,0,0.119790276,0.049766967,0.01925062,0.56664189,105,207,2
50379,2,67,-2.366676311,0,0.060947531,0.202776341,0.06665292,0.478390793,106,28,1
50462,1,63,2.796453834,0,0.10172107,0.062744828,0.022571142,0.547170448,108,95,1
50557,2,67,0.844306918,0,0.082530065,0.088336452,0.039317586,0.561149247,110,61,1
50572,1,62,8.444372842,0,0.119912931,0.096544731,0.012813068,0.503676382,111,180,2
50670,1,54,11.47795445,0,0.170987409,0.123023682,0.009101953,0.48154746,13,208,2
51247,1,56,7.679415855,0,0.042744844,0.080774735,0.031283456,0.618279118,118,173,2
51302,1,55,1.234550793,0,0.193540751,0.094401055,0.036472141,0.456562742,120,69,1
51330,1,63,3.902379124,0,0.078353957,0.178883834,0,0.507854712,121,116,2
51392,1,60,9.463666091,0,0.059751977,0.109716995,0.039004428,0.556550575,122,193,2
51441,2,62,4.334436449,0,0.110515148,0.144762142,0.0498069,0.50248829,14,124,2
51714,1,64,1.899798547,0,0.113462223,0.081975637,0.0337102,0.559765646,126,80,1
51746,1,61,4.259711418,0,0.096020763,0.162283214,0.050632308,0.444946252,127,123,2
51755,1,65,6.917329531,0,0.061707261,0.140071669,0.072172926,0.51225857,128,163,2
51782,1,67,4.349293409,0,0.139112158,0.171594579,0.040852668,0.432395977,129,125,2
51867,1,64,0.543949482,0,0.114978527,0.097051941,0.018347644,0.56904354,130,57,1
52006,1,60,2.697101731,0,0.143890874,0.174863955,0.048575686,0.376493084,19,92,1
52200,1,65,5.354272829,0,0.057483448,0.125835528,0.045498129,0.610805057,134,138,2
52274,2,65,2.834817819,0,0.12197538,0.102468465,0.028233427,0.574730521,15,97,1
52275,1,61,6.68025279,0,0.103921689,0.070049961,0.013839869,0.591321862,15,160,2
52276,1,59,0.010068271,0,0.127507419,0.152967368,0.066260484,0.495830353,135,50,1
52432,1,54,7.719247596,0,0.065604038,0.170511214,0.041029614,0.556040734,136,174,2
52787,1,65,4.666671174,0,0.129625233,0.077321829,0.044290486,0.545168632,138,127,2
52828,2,75,1.200464873,0,0.064833088,0.110591653,0.06337887,0.565302478,139,67,1
52872,1,63,-8.458139055,0,0.209253636,0.105579731,0.044343735,0.412592007,140,6,0
52948,1,67,0.437725469,0,0.058873136,0.157929807,0.037162956,0.55112738,141,56,1
52982,1,61,7.356102588,0,0.060884165,0.106729021,0.07544956,0.489681249,142,169,2
53113,2,64,-3.108853283,0,0.071416134,0.151020625,0.105630169,0.47405019,143,22,0
53308,1,55,7.544621222,0,0.073804202,0.234622368,0.088160417,0.443236836,16,172,2
53518,1,64,1.377965265,0,0.067610792,0.251922643,0.059018864,0.482046825,144,72,1
53866,2,70,0.117905591,0,0.043898952,0.106295763,0.028108828,0.604003905,146,53,1
54048,2,59,-2.752562003,0,0.077903581,0.113172905,0.039696559,0.589545042,147,26,1
54110,1,59,-1.150388712,0,0.074645605,0.23806938,0.058600104,0.462229374,148,42,1
54156,1,59,-2.750634359,0,0.085047559,0.153317126,0.072972593,0.505152303,149,27,1
54215,1,81,-6.646499844,0,0.088356365,0.123543731,0.037565828,0.534300024,151,11,0
54266,1,62,6.181347999,0,0.102200288,0.131116287,0.031150986,0.569311769,152,151,2
54373,1,65,1.664895381,0,0.070639797,0.102091641,0.042512625,0.573775299,153,78,1
55094,1,61,-7.840776768,0,0.167275095,0.089624994,0.080639257,0.465375956,154,8,0
55151,2,65,-0.226500058,0,0.133938452,0.122865744,0.023399163,0.503600786,155,47,1
55380,1,66,7.827858807,0,0.061410488,0.135344017,0.025444822,0.579590688,157,176,2
55560,2,50,9.39622349,0,0.085933918,0.055455718,0.02958178,0.569516404,159,192,2
55822,2,51,5.881473014,0,0.091252519,0.207553761,0.050132735,0.463849659,160,144,2
55842,2,59,1.420500691,0,0.093426907,0.218060475,0.037702155,0.477106074,161,74,1
55984,2,59,-6.304825229,0,0.082169934,0.17451777,0.061407559,0.475631024,162,12,0
56126,1,56,5.983401549,0,0.084560314,0.277058521,0.016740694,0.479829144,17,145,2
56136,2,54,8.168852249,0,0.085380375,0.063539163,0.012179179,0.59263889,16,178,2
56175,1,81,-1.650384651,0,0.030570207,0.110481948,0.018100918,0.6294106,17,36,1
56184,2,64,14.17586329,0,0.080468015,0.084737424,0.020623445,0.611850267,163,217,2
56491,2,78,-4.690403331,0,0.090123427,0.140956591,0.066425734,0.518345584,164,17,0
56779,2,58,5.307213443,0,0.036618471,0.159148519,0.01600899,0.534376889,165,137,2
56789,1,57,7.815873076,0,0.115372775,0.223015392,0.045245209,0.436515168,166,175,2
57159,2,56,0.896500015,0,0.117713904,0.114118179,0,0.550818815,167,63,1
57170,2,75,3.226007659,0,0.027270208,0.245261856,0.104963541,0.436355454,18,105,2
57277,2,62,12.39255172,0,0.099837496,0.113492176,0.03089773,0.52451577,168,212,2
57447,2,71,-1.324788083,0,0.095692226,0.139694977,0.027711808,0.46673163,169,40,1
57965,2,55,12.01928262,0,0.1031442,0.159369802,0.022021131,0.508460389,174,211,2
58026,1,65,4.428720899,0,0.022598687,0.181505294,0.025867439,0.493261448,175,126,2
58027,2,77,5.985742154,0,0.059457369,0.102071426,0.027058287,0.622264642,176,146,2
58099,2,62,1.983247728,0,0.051061084,0.127464816,0.064524149,0.569402348,178,84,1
58138,2,53,3.399730645,0,0.068172072,0.098043109,0.066399563,0.588408623,179,107,2
58182,1,56,11.14717237,0,0.03532174,0.178211658,0.032638192,0.549790542,180,204,2
58327,2,55,8.903517074,0,0.13423345,0.087646093,0.035426397,0.477203098,181,188,2
58716,1,57,5.229475839,0,0.091204926,0.108241455,0.039720538,0.576702227,186,136,2
58721,1,52,9.354858523,0,0.118716453,0.066026762,0.037303858,0.588959983,187,190,2
58865,1,63,-2.07995673,0,0.033544409,0.273330019,0.040034344,0.4836076,188,31,1
58990,1,66,-7.223549926,0,0.200791336,0.309123847,0.010272705,0.28638765,189,9,0
59174,1,62,10.30815735,0,0.0898597,0.216055688,0.014319539,0.507572097,190,200,2
59409,1,63,0.139695795,0,0.06853141,0.274247802,0.060855234,0.455833938,191,54,1
59483,1,58,5.659703888,0,0.08519752,0.099742643,0.029115329,0.601345588,192,142,2
59866,2,56,5.852808796,0,0.061758752,0.182747657,0.007187108,0.591553541,195,143,2
59869,1,64,-1.750426859,0,0.102604546,0.054786632,0.014163319,0.610931857,196,35,1
65003,2,60,6.730542676,0,0.106248308,0.105421226,0.062347607,0.5201341,19,161,2
70241,2,64,8.727717066,0,0.069594558,0.119112412,0.02331607,0.612986994,197,185,2
70519,1,60,2.818995212,0,0.101526737,0.136863266,0.03941387,0.574387753,199,96,1
71387,1,66,-0.029181332,0,0.122041279,0.195807623,0.044457457,0.501125038,201,49,1
50455(文件夹名50445）,2,67,-4.26882395,0,0.1924528,0.038005422,0.061029127,0.431831483,107,19,0
3173,1,61,0.83389703,1,0.292088803,0.028975496,0.038937931,0.441027631,20,60,1
40366,2,58,6.10841167,1,0.079837846,0.212777003,0.028047367,0.443682229,22,148,2
40553,1,57,1.44307356,1,0.042292352,0.181802045,0.012165134,0.528401226,9,75,1
40555,1,53,3.50285031,1,0.073673509,0.108767207,0.040990163,0.595844406,25,108,2
40558,2,64,1.97244781,1,0.092712947,0.11542071,0.009651382,0.536343431,26,83,1
40560,1,61,-1.98300646,1,0.11227316,0.037698775,0.005110419,0.608054995,27,33,1
40578,2,48,12.92251025,1,0.116408622,0.145757522,0.010110634,0.445357813,31,214,2
40585,2,47,7.03719795,1,0.147187889,0.14936678,0.05180779,0.408097453,32,166,2
40586,2,36,13.49448518,1,0.12817629,0.069576005,0.040420382,0.454463971,1,216,2
40592,1,45,16.98854547,1,0.065862159,0.072377108,0.003156165,0.588591204,3,220,2
40595,1,40,8.74665263,1,0.102918156,0.207685166,0.016812488,0.400793454,5,186,2
40599,1,52,2.971349671,1,0.0447792,0.130531186,0.064062714,0.466893187,7,100,1
40603,1,51,0.07010294,1,0.09496614,0.152187091,0,0.510746058,6,52,1
40607,2,64,1.877555443,1,0.060047307,0.13044085,0,0.516366066,34,79,1
40671,2,48,6.624561652,1,0.229352819,0.06494398,0.01045552,0.427238111,14,159,2
40691,1,71,2.703636955,1,0.086405546,0.046532036,0.040355419,0.540233335,38,93,1
40707,1,65,1.90636992,1,0.040528847,0.137323037,0.025858544,0.581976901,39,81,1
40709,1,62,-0.275109352,1,0.175451424,0.118003794,0.038735252,0.404899995,40,46,1
40781,2,46,6.952419393,1,0.069073233,0.156325824,0.069584168,0.506961083,41,164,2
40800,2,73,-4.463087965,1,0.047112609,0.128503594,0.011622854,0.57889292,42,18,0
40816,2,68,1.927814896,1,0.119018569,0.067751746,0.004962448,0.555622956,43,82,1
40882,1,61,-1.407999658,1,0.030991531,0.194264217,0.033679032,0.496483279,44,38,1
41184,2,70,-10.07988629,1,0.090230638,0.14668485,0.070723542,0.479669418,46,3,0
41282,1,49,3.0430554,1,0.040300464,0.1210393,0.043058711,0.607242558,47,102,2
41285,1,64,-4.86933663,1,0.228058199,0.11832494,0.017324221,0.428827137,49,16,0
41287,2,63,0.626002908,1,0.105109737,0.145619418,0.003645734,0.476036056,50,59,1
41289,1,65,1.387399083,1,0.151999226,0.054050006,0.035923327,0.541626666,51,73,1
41293,2,65,1.375771268,1,0.060118609,0.062618613,0.007782024,0.597474553,53,71,1
41295,1,48,13.15880011,1,0.168155446,0.124950278,0.026650308,0.477800851,54,215,2
41305,1,56,11.89517655,1,0.06283214,0.185714429,0.038795423,0.521435465,57,209,2
41380,1,54,2.388087572,1,0.070428871,0.203369696,0.005811881,0.536523738,61,87,1
41382,2,56,5.642736029,1,0.069559188,0.085428174,0.002158819,0.612388183,62,141,2
41384,1,56,3.89497755,1,0.084979213,0.124912984,0.026235315,0.51791416,63,115,2
41399,1,44,6.344464456,1,0.094157735,0.180013689,0.039083123,0.494963049,8,154,2
41400,1,44,8.571760718,1,0.083780446,0.142966874,0.035807342,0.517471237,64,182,2
41410,1,43,14.25966024,1,0.085842277,0.101041771,0.012548906,0.565604063,65,218,2
41412,1,41,7.149687727,1,0.119087165,0.0956891,0.017099077,0.546597177,66,167,2
41420,2,57,1.15739714,1,0.088151736,0.162201505,0.012038874,0.486662726,10,66,1
41486,2,61,1.212919251,1,0.035482212,0.140661633,0,0.545441315,68,68,1
41488,2,67,3.736824489,1,0.048190523,0.101595226,0.028288095,0.58784969,69,112,2
41508,1,69,-1.341452672,1,0.095998638,0.144375789,0.008308394,0.530031992,70,39,1
41521,1,67,2.157162893,1,0.072907917,0.147928467,0.033153836,0.503602628,71,86,1
41522,1,56,8.690707927,1,0.144829621,0.132574771,0.025786834,0.468462004,72,184,2
41578,1,68,3.513804534,1,0.073254509,0.092342341,0.042809101,0.582094846,73,109,2
41749,1,56,8.856747231,1,0.010343361,0.187176713,0.045192667,0.550619874,74,187,2
41767,1,75,-12.3015378,1,0.075370088,0.087701412,0.032014982,0.595005054,75,2,0
41829,2,64,3.909497108,1,0.116628416,0.079719201,0.012163282,0.563288191,76,117,2
41985,2,51,5.119334794,1,0.146523307,0.144958853,0.086262213,0.395544063,77,135,2
42171,2,43,11.961105,1,0.11468701,0.05194485,0.061786774,0.533213498,83,210,2
42346,2,51,7.035744656,1,0.154921415,0.071458698,0.043219939,0.506317847,86,165,2
42351,2,47,9.365729991,1,0.094094482,0.073697011,0.034414414,0.527155209,87,191,2
42429,1,60,1.554145789,1,0.1321709,0.108127877,0.059517368,0.463874687,88,77,1
42448,1,57,4.681928554,1,0.086421595,0.068523592,0.024580607,0.622043167,92,128,2
42455,2,47,8.220058634,1,0.089829682,0.050951468,0.03001795,0.592004932,93,179,2
50028,1,59,0.601495254,1,0.063261417,0.171446732,0.064662425,0.507244576,94,58,1
50044,1,46,3.038622632,1,0.064587076,0.121585441,0.004751495,0.587956417,95,101,2
50088,1,60,11.37841796,1,0.107229078,0.126133009,0.020946548,0.550261551,96,206,2
50157,1,56,6.001541295,1,0.035431443,0.176082767,0.0191253,0.550422779,99,147,2
50175,2,60,10.82220343,1,0.086547211,0.209615508,0.0386599,0.410132062,101,202,2
50192,2,59,7.246592962,1,0.056794542,0.104041882,0.053158692,0.560018936,102,168,2
50319,2,50,6.438094006,1,0.056373026,0.131438901,0.016154424,0.574989545,104,155,2
50485,1,56,3.312093644,1,0.065188065,0.095744047,0.013519006,0.613217159,13,106,2
50509,1,61,5.513636501,1,0.034894908,0.279532313,0.012894092,0.484158247,109,139,2
50621,2,56,5.070720047,1,0.108464921,0.170427313,0.029303072,0.485744894,112,134,2
50746,1,63,2.76393406,1,0.089636479,0.126714814,0.004418403,0.56263449,113,94,1
50860,2,62,3.765951546,1,0.082272532,0.07336977,0.051093229,0.52780914,114,113,2
50901,2,51,9.078363518,1,0.08882767,0.079513187,0.034454997,0.576306757,115,189,2
50983,2,73,2.449219074,1,0.103293113,0.073106562,0.016514979,0.58528961,116,89,1
51186,1,60,-0.155046488,1,0.08334639,0.2047744,0.031114211,0.478319394,117,48,1
51252,1,62,3.637570395,1,0.211766169,0.068662017,0.009496065,0.418498332,119,110,2
51440,2,67,10.14105743,1,0.076998933,0.1483333,0.032492021,0.449935512,123,198,2
51518,1,60,4.060523374,1,0.123601644,0.131577281,0.039082931,0.532930665,124,120,2
51625,1,50,5.553009358,1,0.113007443,0.117562448,0.023398728,0.536662331,125,140,2
51971,2,58,2.892611179,1,0.064942616,0.110443674,0.022901397,0.537010593,131,99,1
52062,2,46,15.76218871,1,0.109228433,0.101077646,0.019080217,0.501130422,132,219,2
52128,2,70,-4.214113011,1,0.033426536,0.150730448,0.030073454,0.519145821,133,20,0
52530,2,67,3.077547578,1,0.142947063,0.161337694,0,0.455254209,137,104,2
53595,1,58,-5.368920597,1,0.092174646,0.174972201,0.037634728,0.522519239,145,13,0
54197,2,50,-2.18006963,1,0.086969731,0.145787254,0.120563693,0.454803947,150,30,1
55251,2,58,7.446528898,1,0.069458822,0.168577018,0.061561621,0.415347308,156,171,2
55395,1,62,11.24787359,1,0.188172124,0.180548378,0.062530837,0.434124947,158,205,2
56169,1,70,-9.949622564,1,0.102842382,0.079829275,0.04241935,0.554683007,18,4,0
58431,2,72,-3.000137673,1,0.058344761,0.05485035,0.006758493,0.579497242,182,24,0
58550,2,65,1.282082507,1,0.143267874,0.057696361,0.033904137,0.535591284,183,70,1
58671,2,63,-1.11469317,1,0.078630093,0.138301075,0.057127051,0.45255581,185,43,1
59507,2,59,2.59429407,1,0.070029406,0.059188503,0.101150158,0.612224033,193,90,1
59724,1,60,-0.580652175,1,0.045536012,0.099568047,0.030923409,0.56584317,194,45,1
70463,2,62,0.068108189,1,0.129836915,0.162107602,0.050718393,0.452791234,198,51,1
70818,2,59,6.504039625,1,0.100516463,0.148871914,0.024046904,0.493827695,200,157,2
71978,1,69,-3.079022497,1,0.039261514,0.195348447,0.013365833,0.597322036,202,23,0
72784,1,72,-1.205390285,1,0.103437805,0.128144743,0.019947521,0.473064575,203,41,1