PATID,Age_symptom_onset,AA1,AA2,AA3,AA4,std
40360,#N/A,6.61,2.46,5.9,0.71,2.428601331
40451,#N/A,11,13.54,10.43,10.82,1.227375498
40520,#N/A,8.67,8.23,8.7,7.63,0.434181849
40587,#N/A,0.98,1.51,5.57,-2.92,3.007734215
40590,#N/A,6.21,10.58,6.87,7.87,1.66376581
40591,#N/A,3.98,3.54,3.8,5.11,0.598531982
40593,#N/A,12.91,13.81,10.76,12.59,1.108692863
40596,#N/A,-12.53,-11.29,-7.06,-10.43,2.028023134
40601,#N/A,-1.78,-2.32,-0.73,-0.41,0.774526807
40602,#N/A,-2.96,-3.71,-2.31,-1.3,0.886280913
40604,#N/A,2.63,4.22,8.16,3.49,2.118687507
40606,#N/A,2.39,1.78,3.77,0.37,1.220552886
40609,#N/A,-1.53,1.58,0.32,0.17,1.10830585
40610,#N/A,6.49,7.98,11.83,11.06,2.188156007
40611,#N/A,1.01,-3.62,1.43,0.57,2.02598108
40613,#N/A,4.04,1.48,4.3,9.11,2.756986686
40614,#N/A,10.36,8.33,12.52,9.85,1.501779848
40617,#N/A,5.05,2.39,9.22,6.45,2.464388999
40618,#N/A,0.38,0.34,4.12,-0.65,1.821474371
40619,#N/A,3.81,7.33,5.03,2.52,1.770967308
40621,#N/A,7.4,9.42,11.38,10.23,1.45174942
41283,#N/A,9.81,10.08,13.1,10.78,1.295601989
41292,#N/A,2.84,5.59,0.52,4.89,1.97571985
41297,#N/A,6.15,5.56,4.05,3.64,1.035399235
41342,#N/A,-3.24,1.13,2.25,-0.36,2.05542717
41343,#N/A,-5.08,-5.9,-9.28,-7.74,1.634190765
41471,#N/A,10.27,12.25,6.46,11.77,2.272608146
41560,#N/A,3.7,9.56,6.37,8.98,2.328981633
41562,#N/A,4.11,1.89,2.96,2.03,0.889413719
41984,#N/A,3.05,-2.47,-0.47,-1.73,2.119128712
42001,#N/A,2.01,7.82,0.36,0.48,3.048020256
42006,#N/A,4.8,5.86,4.29,7.62,1.274174836
42024,#N/A,0.87,4.55,4.74,2.86,1.560946655
42126,#N/A,-0.61,6.07,2.85,2.44,2.368794743
42134,#N/A,9.48,9.52,5.71,5.03,2.077437502
42240,#N/A,5.03,9.27,4.05,2.99,2.386087152
42306,#N/A,6.12,7.4,8.95,8.96,1.18576393
42443,#N/A,8.54,2.94,7.92,5.7,2.196398189
42444,#N/A,1.54,0.61,1.02,-0.04,0.575946342
42445,#N/A,5.02,4.14,-1.9,3.31,2.69167842
50110,#N/A,6.81,6.26,1.38,3,2.255566783
50143,#N/A,-5.26,-2.06,-3.17,-3.13,1.159912575
50172,#N/A,9.69,6.8,4.68,7.36,1.783999276
50184,#N/A,6.31,8.77,6.08,6.23,1.111410213
50219,#N/A,4.17,6.19,5.98,2.13,1.63719677
50222,#N/A,4.95,4.4,8.1,2.62,1.978786741
50225,#N/A,-2,0.22,4.87,-3.57,3.179826875
50275,#N/A,-6.99,-5.77,-7.11,-10.94,1.939792937
50328,#N/A,11.43,7.83,8.61,1.42,3.662064895
50379,#N/A,-2.37,-0.77,-0.28,-3.42,1.251172297
50455,#N/A,-4.27,-3.71,-6.94,-8.24,1.868580988
50462,#N/A,2.8,2.13,2.08,1.64,0.411771654
50557,#N/A,0.84,3.63,2.64,-0.1,1.464465291
50572,#N/A,8.44,8.33,11.32,8.73,1.228825285
50670,#N/A,11.48,6.5,9.37,10.7,1.895988446
51247,#N/A,7.68,5.61,4.64,5.16,1.152211164
51302,#N/A,1.23,10,5.62,5.21,3.103312506
51330,#N/A,3.9,1,1.39,2.09,1.114287267
51392,#N/A,9.46,10.18,11.07,7.82,1.19121802
51714,#N/A,1.9,3.59,3.25,3.88,0.75857769
51746,#N/A,4.26,7.52,6.75,5.51,1.238195071
51755,#N/A,6.92,9.49,5.4,8.22,1.516879445
51782,#N/A,4.35,-0.53,1.43,0.33,1.841485906
51867,#N/A,0.54,0.12,-0.58,-2.25,1.063883805
52006,#N/A,2.7,4.79,5.16,6.51,1.367601995
52200,#N/A,5.35,6.16,5.28,8.76,1.410347068
52274,#N/A,2.83,3.49,5.82,3.77,1.113439662
52275,#N/A,6.68,2.46,1.97,4.21,1.842773865
52276,#N/A,0.01,2.72,4.01,2.91,1.471470485
52432,#N/A,7.72,10.27,9.87,8.26,1.066942712
52787,#N/A,4.67,2.63,6.86,1.21,2.131199748
52828,#N/A,1.2,-3.61,-0.71,-2.66,1.851258809
52872,#N/A,-8.46,-5.07,-0.88,-5.39,2.696552828
52948,#N/A,0.44,3.05,4.78,6.14,2.130400673
52982,#N/A,7.36,-1.23,2.61,4.49,3.116269582
53113,#N/A,-3.11,0.83,-4.35,-1.39,1.94498315
53308,#N/A,7.54,4.39,3.81,2.49,1.855476264
53518,#N/A,1.38,1.08,3.46,1.12,0.985993295
53866,#N/A,0.12,-1.95,3.18,-1.41,1.991810922
54110,#N/A,-1.15,-6.16,-1.82,-1.52,2.032921851
54156,#N/A,-2.75,-0.2,-1.59,-2.92,1.087848854
54215,#N/A,-6.65,-3.92,-1.22,-2.07,2.080822359
54266,#N/A,6.18,6.98,5.05,1.67,2.02441893
54373,#N/A,1.66,1.06,2.34,0.67,0.632574688
55094,#N/A,-7.84,-4.34,-6.27,-4.87,1.356814703
55151,#N/A,-0.23,-1.79,1.17,-3.42,1.716927773
55380,#N/A,7.83,8.38,7.21,9.05,0.680267763
55560,#N/A,9.4,10.15,11.66,6.99,1.68638698
55822,#N/A,5.88,7.56,16.56,10.76,4.073901497
55842,#N/A,1.42,0.98,2.67,-1.13,1.370892734
56126,#N/A,5.98,2.1,4.73,4.23,1.399507863
56175,#N/A,-1.65,11.94,-4.96,-8.35,7.702194869
56491,#N/A,-4.69,-8.68,-6.72,-5.89,1.455060723
56779,#N/A,5.31,5.1,4.27,3.97,0.557317763
56789,#N/A,7.82,11.03,6.81,11.08,1.906774175
57159,#N/A,0.9,6.04,2.4,5.32,2.102422484
57170,#N/A,3.23,1.89,7.16,1.9,2.158072727
57277,#N/A,12.39,8.73,8.1,8.78,1.691428068
57965,#N/A,12.02,10.64,3.54,10.98,3.36146572
58026,#N/A,4.43,9.25,6.62,4.75,1.917015801
58027,#N/A,5.99,9.23,4.95,5.88,1.620560693
58099,#N/A,1.98,2.2,-0.01,2.07,0.908783902
58138,#N/A,3.4,2.07,8.2,8.93,2.966676891
58182,#N/A,11.15,10.83,8.32,13.19,1.729430236
58716,#N/A,5.23,3.29,3.35,1.81,1.21256581
58721,#N/A,9.35,6.95,7.39,1.95,2.731824199
58865,#N/A,-2.08,-2.93,-0.08,-0.27,1.20395277
58990,#N/A,-7.22,-1.35,-0.87,-3.26,2.50201409
59174,#N/A,10.31,10.97,7.56,9.43,1.278352707
59409,#N/A,0.14,-0.04,0.89,1.22,0.521779979
59483,#N/A,5.66,6.86,6.83,8,0.826684371
59866,#N/A,5.85,3.98,9.74,6.73,2.08126245
59869,#N/A,-1.75,-2.36,0.64,4.33,2.626734665
65003,#N/A,6.73,4.21,7.6,1.66,2.320008631
71387,#N/A,-0.03,-0.19,2.21,2,1.111052462