PATID,AO,AA1,AA2,AA3,AA4,std
3173,61,0.83,-1.54,0.32,1.73,1.194471818
40366,58,6.11,6,0.31,4.96,2.371848094
40553,57,1.44,0.48,-1.37,3.39,1.716749103
40555,53,3.5,1.18,2.9,5.8,1.652007668
40578,48,12.92,2.93,11.15,11.99,3.984379304
40585,47,7.04,6.87,7.84,6.03,0.641372983
40586,36,13.49,16.58,14.34,15.31,1.149608507
40592,45,16.99,18.46,18.66,16.81,0.834672531
40595,40,8.75,10.21,10.07,13.02,1.557045893
40599,52,2.97,1.78,6.17,9.36,2.94993274
40603,51,0.07,-0.9,0.81,0.01,0.60664834
40607,64,1.88,5.32,2.63,2.8,1.295425197
40671,48,6.62,10.29,4.67,9.84,2.318525802
40691,71,2.7,0.76,-0.95,1.32,1.308927544
40707,65,1.91,2.09,5.76,2.16,1.608000283
40709,62,-0.28,-2.89,1.69,-1.95,1.74234035
40781,46,6.95,6.61,13.21,7.6,2.690057314
40800,73,-4.46,-3.49,0.52,-6.52,2.557757988
40882,61,-1.41,-4.99,1.18,1.74,2.65892558
41184,70,-10.08,-5.71,-3.92,-3.09,2.698724642
41285,64,-4.87,-1.07,-6.16,-2.66,1.963579146
41289,65,1.39,0.35,-3.69,2.34,2.294750149
41293,65,1.38,2.62,-0.85,-0.27,1.368010749
41295,48,13.16,11.55,11.7,10.14,1.067114297
41305,56,11.9,10.38,10.82,9.87,0.744813777
41380,54,2.39,7.37,3.12,-1.22,3.051244989
41382,56,5.64,7.39,3.73,5.48,1.2947629
41384,56,3.89,3.86,3.32,3.1,0.342687728
41399,44,6.34,7.62,4.47,7.22,1.214887859
41400,44,8.57,8.99,5.72,6.39,1.390517529
41410,43,14.26,13.66,11.66,18.55,2.510556458
41412,41,7.15,10.69,7.22,2.99,2.728592317
41420,57,1.16,4.97,2.26,-0.59,2.017422613
41486,61,1.21,0.21,-3.32,2.55,2.175631064
41488,67,3.74,6.86,-1.94,6.48,3.516994722
41508,69,-1.34,-3.18,-6.3,-2.31,1.861431585
41521,67,2.16,2.34,3.41,0.66,0.980823068
41522,56,8.69,8.1,11.36,9.6,1.230644266
41578,68,3.51,-1.15,-2.39,-2.06,2.374246274
41749,56,8.86,11.37,6.17,10.89,2.049284662
41767,75,-12.3,-6,-13.5,-7.4,3.169415053
41829,64,3.91,5.76,2.28,2.66,1.359228746
41985,51,5.12,2.87,-1.29,-2.32,3.029934053
42171,43,11.96,11.48,12.38,9.04,1.294629746
42346,51,7.04,2.35,6.2,10.9,3.037201536
42351,47,9.37,10.02,9.84,11.22,0.684014493
42429,60,1.55,8.57,2.36,2.27,2.835337421
42448,57,4.68,3.88,4,4.19,0.306728077
42455,47,8.22,5.17,4.66,7.9,1.585706351
50028,59,0.6,0.82,-1.73,1.9,1.324218775
50044,46,3.04,-1.69,5.87,0.79,2.790913616
50088,60,11.38,6.19,7.4,5.03,2.390244507
50157,56,6,6.28,7.57,5.81,0.686646767
50175,60,10.82,11.25,11.9,7.69,1.62043122
50192,59,7.25,11.28,11.5,6.27,2.341636413
50319,50,6.44,4.65,6.77,3.74,1.253724716
50485,56,3.31,7.43,2.22,2.49,2.096826203
50509,61,5.51,-1.17,2.58,3.28,2.408154358
50621,56,5.07,4.77,9.59,8.43,2.091687443
50746,63,2.76,4.89,5.09,3.5,0.965891809
50860,62,3.77,0.24,0.85,-2.49,2.222957951
50901,51,9.08,9.77,11.54,10.65,0.927085135
50983,73,2.45,2.23,2.5,-0.08,1.075284666
51186,60,-0.16,-0.43,-3.86,-2.66,1.547403487
51252,62,3.64,1.17,-1.84,1.51,1.952684402
51440,67,10.14,6.5,7.05,4.55,2.008037127
51518,60,4.06,3.18,7.28,-3.5,3.921987095
51625,50,5.55,3.63,5.66,3.86,0.934246343
51971,58,2.89,5.82,1.79,5.96,1.819880921
52062,46,15.76,12.59,13.42,16.48,1.603589248
52128,70,-4.21,-3.8,-4.36,-1.59,1.117152503
52530,67,3.08,1.17,5.05,1.99,1.452955089
53595,58,-5.37,-0.42,-2.04,-3.06,1.794720332
54197,50,-2.18,0.98,3.36,-0.4,2.02651093
55251,58,7.45,7.18,11.07,8.11,1.549791717
55395,62,11.25,15.09,2.61,8.86,4.532989172
56169,70,-9.95,-4.09,-7.36,-7.57,2.083843988
58431,72,-3,0.18,0.95,-1.16,1.497251679
58550,65,1.28,-1.81,-4.8,-0.21,2.255238607
58671,63,-1.11,-0.12,-1.31,-2.74,0.934255926
59507,59,2.59,5.18,5.19,1.28,1.689004355
59724,60,-0.58,-2.53,-3.33,-4.17,1.329406661